{
  "USA": {
    "New York": [
      40.7128,
      -74.006
    ],
    "Los Angeles": [
      34.0522,
      -118.2437
    ],
    "Chicago": [
      41.8781,
      -87.6298
    ]
  },
  "France": {
    "Paris": [
      48.8566,
      2.3522
    ],
    "Lyon": [
      45.75,
      4.85
    ],
    "Marseille": [
      43.2965,
      5.3698
    ]
  },
  "Germany": {
    "Berlin": [
      52.52,
      13.405
    ],
    "Munich": [
      48.1351,
      11.582
    ],
    "Hamburg": [
      53.5511,
      9.9937
    ]
  },
  "India": {
    "New Delhi": [
      28.6139,
      77.209
    ],
    "Mumbai": [
      19.076,
      72.8777
    ],
    "Bangalore": [
      12.9716,
      77.5946
    ]
  },
  "Brazil": {
    "São Paulo": [
      -23.5505,
      -46.6333
    ],
    "Rio de Janeiro": [
      -22.9068,
      -43.1729
    ],
    "Brasília": [
      -15.7939,
      -47.8828
    ]
  },
  "Russia": {
    "Moscow": [
      55.7558,
      37.6173
    ],
    "Saint Petersburg": [
      59.9343,
      30.3351
    ]
  },
  "Egypt": {
    "Cairo": [
      30.0444,
      31.2357
    ],
    "Alexandria": [
      31.2001,
      29.9187
    ]
  },
  "China": {
    "Beijing": [
      39.9042,
      116.4074
    ],
    "Shanghai": [
      31.2304,
      121.4737
    ]
  },
  "Turkey": {
    "Istanbul": [
      41.0082,
      28.9784
    ],
    "Ankara": [
      39.9208,
      32.8541
    ]
  },
  "UAE": {
    "Dubai": [
      25.2048,
      55.2708
    ],
    "Abu Dhabi": [
      24.4539,
      54.3773
    ]
  },
  "Japan": {
    "Tokyo": [
      35.6895,
      139.6917
    ],
    "Osaka": [
      34.6937,
      135.5023
    ]
  },
  "Canada": {
    "Toronto": [
      43.65107,
      -79.347015
    ],
    "Vancouver": [
      49.2827,
      -123.1207
    ]
  },
  "Australia": {
    "Sydney": [
      -33.8688,
      151.2093
    ],
    "Melbourne": [
      -37.8136,
      144.9631
    ]
  },
  "Mexico": {
    "Mexico City": [
      19.4326,
      -99.1332
    ]
  },
  "Argentina": {
    "Buenos Aires": [
      -34.6037,
      -58.3816
    ]
  },
  "South Africa": {
    "Cape Town": [
      -33.9249,
      18.4241
    ]
  }
}